1;'MamieGateaux1';'Lille'
2;'MamieGateaux2';'Lille'
3;'MamieGateaux3';'Lille'
4;'MamieGateaux4';'Lille'
5;'MamieGateaux5';'Lille'
6;'MamieGateaux6';'Lille'
7;'MamieGateaux7';'Lille'
8;'MamieGateaux8';'Lille'
9;'MamieGateaux9';'Lille'
10;'MamieGateaux10';'Lille'
11;'MamieGateaux11';'Lille'
12;'MamieGateaux12';'Lille'
13;'MamieGateaux13';'Lille'
14;'MamieGateaux14';'Lille'
15;'MamieGateaux15';'Lille'
16;'MamieGateaux16';'Lille'
17;'MamieGateaux17';'Lille'
18;'MamieGateaux18';'Lille'
19;'MamieGateaux19';'Lille'
20;'MamieGateaux20';'Lille'
21;'MamieGateaux21';'Lille'
22;'MamieGateaux22';'Lille'
23;'MamieGateaux23';'Lille'
24;'MamieGateaux24';'Lille'
25;'MamieGateaux25';'Lille'
26;'MamieGateaux26';'Lille'
27;'MamieGateaux27';'Lille'
28;'MamieGateaux28';'Lille'
29;'MamieGateaux29';'Lille'
30;'MamieGateaux30';'Lille'
31;'MamieGateaux31';'Lille'
32;'MamieGateaux32';'Lille'
33;'MamieGateaux33';'Lille'
34;'MamieGateaux34';'Lille'
35;'MamieGateaux35';'Lille'
36;'MamieGateaux36';'Lille'
37;'MamieGateaux37';'Lille'
38;'MamieGateaux38';'Lille'
39;'MamieGateaux39';'Lille'
40;'MamieGateaux40';'Lille'
41;'MamieGateaux41';'Lille'
42;'MamieGateaux42';'Lille'
43;'MamieGateaux43';'Lille'
44;'MamieGateaux44';'Lille'
45;'MamieGateaux45';'Lille'
46;'MamieGateaux46';'Lille'
47;'MamieGateaux47';'Lille'
48;'MamieGateaux48';'Lille'
49;'MamieGateaux49';'Lille'
50;'MamieGateaux50';'Lille'
51;'MamieGateaux51';'Lille'
52;'MamieGateaux52';'Lille'
53;'MamieGateaux53';'Lille'
54;'MamieGateaux54';'Lille'
55;'MamieGateaux55';'Lille'
56;'MamieGateaux56';'Lille'
57;'MamieGateaux57';'Lille'
58;'MamieGateaux58';'Lille'
59;'MamieGateaux59';'Lille'
60;'MamieGateaux60';'Lille'
61;'MamieGateaux61';'Lille'
62;'MamieGateaux62';'Lille'
63;'MamieGateaux63';'Lille'
64;'MamieGateaux64';'Lille'
65;'MamieGateaux65';'Lille'
66;'MamieGateaux66';'Lille'
67;'MamieGateaux67';'Lille'
68;'MamieGateaux68';'Lille'
69;'MamieGateaux69';'Lille'
70;'MamieGateaux70';'Lille'
71;'MamieGateaux71';'Lille'
72;'MamieGateaux72';'Lille'
73;'MamieGateaux73';'Lille'
74;'MamieGateaux74';'Lille'
75;'MamieGateaux75';'Lille'
76;'MamieGateaux76';'Lille'
77;'MamieGateaux77';'Lille'
78;'MamieGateaux78';'Lille'
79;'MamieGateaux79';'Lille'
80;'MamieGateaux80';'Lille'
81;'MamieGateaux81';'Lille'
82;'MamieGateaux82';'Lille'
83;'MamieGateaux83';'Lille'
84;'MamieGateaux84';'Lille'
85;'MamieGateaux85';'Lille'
86;'MamieGateaux86';'Lille'
87;'MamieGateaux87';'Lille'
88;'MamieGateaux88';'Lille'
89;'MamieGateaux89';'Lille'
90;'MamieGateaux90';'Lille'
91;'MamieGateaux91';'Lille'
92;'MamieGateaux92';'Lille'
93;'MamieGateaux93';'Lille'
94;'MamieGateaux94';'Lille'
95;'MamieGateaux95';'Lille'
96;'MamieGateaux96';'Lille'
97;'MamieGateaux97';'Lille'
98;'MamieGateaux98';'Lille'
99;'MamieGateaux99';'Lille'
100;'MamieGateaux100';'Lille'
101;'MamieGateaux101';'Lille'
102;'MamieGateaux102';'Lille'
103;'MamieGateaux103';'Lille'
104;'MamieGateaux104';'Lille'
105;'MamieGateaux105';'Lille'
106;'MamieGateaux106';'Lille'
107;'MamieGateaux107';'Lille'
108;'MamieGateaux108';'Lille'
109;'MamieGateaux109';'Lille'
110;'MamieGateaux110';'Lille'
111;'MamieGateaux111';'Lille'
112;'MamieGateaux112';'Lille'
113;'MamieGateaux113';'Lille'
114;'MamieGateaux114';'Lille'
115;'MamieGateaux115';'Lille'
116;'MamieGateaux116';'Lille'
117;'MamieGateaux117';'Lille'
118;'MamieGateaux118';'Lille'
119;'MamieGateaux119';'Lille'
120;'MamieGateaux120';'Lille'
121;'MamieGateaux121';'Lille'
122;'MamieGateaux122';'Lille'
123;'MamieGateaux123';'Lille'
124;'MamieGateaux124';'Lille'
125;'MamieGateaux125';'Lille'
126;'MamieGateaux126';'Lille'
127;'MamieGateaux127';'Lille'
128;'MamieGateaux128';'Lille'
129;'MamieGateaux129';'Lille'
130;'MamieGateaux130';'Lille'
131;'MamieGateaux131';'Lille'
132;'MamieGateaux132';'Lille'
133;'MamieGateaux133';'Lille'
134;'MamieGateaux134';'Lille'
135;'MamieGateaux135';'Lille'
136;'MamieGateaux136';'Lille'
137;'MamieGateaux137';'Lille'
138;'MamieGateaux138';'Lille'
139;'MamieGateaux139';'Lille'
140;'MamieGateaux140';'Lille'
141;'MamieGateaux141';'Lille'
142;'MamieGateaux142';'Lille'
143;'MamieGateaux143';'Lille'
144;'MamieGateaux144';'Lille'
145;'MamieGateaux145';'Lille'
146;'MamieGateaux146';'Lille'
147;'MamieGateaux147';'Lille'
148;'MamieGateaux148';'Lille'
149;'MamieGateaux149';'Lille'
150;'MamieGateaux150';'Lille'
151;'MamieGateaux151';'Lille'
152;'MamieGateaux152';'Lille'
153;'MamieGateaux153';'Lille'
154;'MamieGateaux154';'Lille'
155;'MamieGateaux155';'Lille'
156;'MamieGateaux156';'Lille'
157;'MamieGateaux157';'Lille'
158;'MamieGateaux158';'Lille'
159;'MamieGateaux159';'Lille'
160;'MamieGateaux160';'Lille'
161;'MamieGateaux161';'Lille'
162;'MamieGateaux162';'Lille'
163;'MamieGateaux163';'Lille'
164;'MamieGateaux164';'Lille'
165;'MamieGateaux165';'Lille'
166;'MamieGateaux166';'Lille'
167;'MamieGateaux167';'Lille'
168;'MamieGateaux168';'Lille'
169;'MamieGateaux169';'Lille'
170;'MamieGateaux170';'Lille'
171;'MamieGateaux171';'Lille'
172;'MamieGateaux172';'Lille'
173;'MamieGateaux173';'Lille'
174;'MamieGateaux174';'Lille'
175;'MamieGateaux175';'Lille'
176;'MamieGateaux176';'Lille'
177;'MamieGateaux177';'Lille'
178;'MamieGateaux178';'Lille'
179;'MamieGateaux179';'Lille'
180;'MamieGateaux180';'Lille'
181;'MamieGateaux181';'Lille'
182;'MamieGateaux182';'Lille'
183;'MamieGateaux183';'Lille'
184;'MamieGateaux184';'Lille'
185;'MamieGateaux185';'Lille'
186;'MamieGateaux186';'Lille'
187;'MamieGateaux187';'Lille'
188;'MamieGateaux188';'Lille'
189;'MamieGateaux189';'Lille'
190;'MamieGateaux190';'Lille'
191;'MamieGateaux191';'Lille'
192;'MamieGateaux192';'Lille'
193;'MamieGateaux193';'Lille'
194;'MamieGateaux194';'Lille'
195;'MamieGateaux195';'Lille'
196;'MamieGateaux196';'Lille'
197;'MamieGateaux197';'Lille'
198;'MamieGateaux198';'Lille'
199;'MamieGateaux199';'Lille'
200;'MamieGateaux200';'Lille'
201;'MamieGateaux201';'Lille'
202;'MamieGateaux202';'Lille'
203;'MamieGateaux203';'Lille'
204;'MamieGateaux204';'Lille'
205;'MamieGateaux205';'Lille'
206;'MamieGateaux206';'Lille'
207;'MamieGateaux207';'Lille'
208;'MamieGateaux208';'Lille'
209;'MamieGateaux209';'Lille'
210;'MamieGateaux210';'Lille'
211;'MamieGateaux211';'Lille'
212;'MamieGateaux212';'Lille'
213;'MamieGateaux213';'Lille'
214;'MamieGateaux214';'Lille'
215;'MamieGateaux215';'Lille'
216;'MamieGateaux216';'Lille'
217;'MamieGateaux217';'Lille'
218;'MamieGateaux218';'Lille'
219;'MamieGateaux219';'Lille'
220;'MamieGateaux220';'Lille'
221;'MamieGateaux221';'Lille'
222;'MamieGateaux222';'Lille'
223;'MamieGateaux223';'Lille'
224;'MamieGateaux224';'Lille'
225;'MamieGateaux225';'Lille'
226;'MamieGateaux226';'Lille'
227;'MamieGateaux227';'Lille'
228;'MamieGateaux228';'Lille'
229;'MamieGateaux229';'Lille'
230;'MamieGateaux230';'Lille'
231;'MamieGateaux231';'Lille'
232;'MamieGateaux232';'Lille'
233;'MamieGateaux233';'Lille'
234;'MamieGateaux234';'Lille'
235;'MamieGateaux235';'Lille'
236;'MamieGateaux236';'Lille'
237;'MamieGateaux237';'Lille'
238;'MamieGateaux238';'Lille'
239;'MamieGateaux239';'Lille'
240;'MamieGateaux240';'Lille'
241;'MamieGateaux241';'Lille'
242;'MamieGateaux242';'Lille'
243;'MamieGateaux243';'Lille'
244;'MamieGateaux244';'Lille'
245;'MamieGateaux245';'Lille'
246;'MamieGateaux246';'Lille'
247;'MamieGateaux247';'Lille'
248;'MamieGateaux248';'Lille'
249;'MamieGateaux249';'Lille'
250;'MamieGateaux250';'Lille'
251;'MamieGateaux251';'Lille'
252;'MamieGateaux252';'Lille'
253;'MamieGateaux253';'Lille'
254;'MamieGateaux254';'Lille'
255;'MamieGateaux255';'Lille'
256;'MamieGateaux256';'Lille'
257;'MamieGateaux257';'Lille'
258;'MamieGateaux258';'Lille'
259;'MamieGateaux259';'Lille'
260;'MamieGateaux260';'Lille'
261;'MamieGateaux261';'Lille'
262;'MamieGateaux262';'Lille'
263;'MamieGateaux263';'Lille'
264;'MamieGateaux264';'Lille'
265;'MamieGateaux265';'Lille'
266;'MamieGateaux266';'Lille'
267;'MamieGateaux267';'Lille'
268;'MamieGateaux268';'Lille'
269;'MamieGateaux269';'Lille'
270;'MamieGateaux270';'Lille'
271;'MamieGateaux271';'Lille'
272;'MamieGateaux272';'Lille'
273;'MamieGateaux273';'Lille'
274;'MamieGateaux274';'Lille'
275;'MamieGateaux275';'Lille'
276;'MamieGateaux276';'Lille'
277;'MamieGateaux277';'Lille'
278;'MamieGateaux278';'Lille'
279;'MamieGateaux279';'Lille'
280;'MamieGateaux280';'Lille'
281;'MamieGateaux281';'Lille'
282;'MamieGateaux282';'Lille'
283;'MamieGateaux283';'Lille'
284;'MamieGateaux284';'Lille'
285;'MamieGateaux285';'Lille'
286;'MamieGateaux286';'Lille'
287;'MamieGateaux287';'Lille'
288;'MamieGateaux288';'Lille'
289;'MamieGateaux289';'Lille'
290;'MamieGateaux290';'Lille'
291;'MamieGateaux291';'Lille'
292;'MamieGateaux292';'Lille'
293;'MamieGateaux293';'Lille'
294;'MamieGateaux294';'Lille'
295;'MamieGateaux295';'Lille'
296;'MamieGateaux296';'Lille'
297;'MamieGateaux297';'Lille'
298;'MamieGateaux298';'Lille'
299;'MamieGateaux299';'Lille'
300;'MamieGateaux300';'Lille'
301;'MamieGateaux301';'Lille'
302;'MamieGateaux302';'Lille'
303;'MamieGateaux303';'Lille'
304;'MamieGateaux304';'Lille'
305;'MamieGateaux305';'Lille'
306;'MamieGateaux306';'Lille'
307;'MamieGateaux307';'Lille'
308;'MamieGateaux308';'Lille'
309;'MamieGateaux309';'Lille'
310;'MamieGateaux310';'Lille'
311;'MamieGateaux311';'Lille'
312;'MamieGateaux312';'Lille'
313;'MamieGateaux313';'Lille'
314;'MamieGateaux314';'Lille'
315;'MamieGateaux315';'Lille'
316;'MamieGateaux316';'Lille'
317;'MamieGateaux317';'Lille'
318;'MamieGateaux318';'Lille'
319;'MamieGateaux319';'Lille'
320;'MamieGateaux320';'Lille'
321;'MamieGateaux321';'Lille'
322;'MamieGateaux322';'Lille'
323;'MamieGateaux323';'Lille'
324;'MamieGateaux324';'Lille'
325;'MamieGateaux325';'Lille'
326;'MamieGateaux326';'Lille'
327;'MamieGateaux327';'Lille'
328;'MamieGateaux328';'Lille'
329;'MamieGateaux329';'Lille'
330;'MamieGateaux330';'Lille'
331;'MamieGateaux331';'Lille'
332;'MamieGateaux332';'Lille'
333;'MamieGateaux333';'Lille'
334;'MamieGateaux334';'Lille'
335;'MamieGateaux335';'Lille'
336;'MamieGateaux336';'Lille'
337;'MamieGateaux337';'Lille'
338;'MamieGateaux338';'Lille'
339;'MamieGateaux339';'Lille'
340;'MamieGateaux340';'Lille'
341;'MamieGateaux341';'Lille'
342;'MamieGateaux342';'Lille'
343;'MamieGateaux343';'Lille'
344;'MamieGateaux344';'Lille'
345;'MamieGateaux345';'Lille'
346;'MamieGateaux346';'Lille'
347;'MamieGateaux347';'Lille'
348;'MamieGateaux348';'Lille'
349;'MamieGateaux349';'Lille'
350;'MamieGateaux350';'Lille'
351;'MamieGateaux351';'Lille'
352;'MamieGateaux352';'Lille'
353;'MamieGateaux353';'Lille'
354;'MamieGateaux354';'Lille'
355;'MamieGateaux355';'Lille'
356;'MamieGateaux356';'Lille'
357;'MamieGateaux357';'Lille'
358;'MamieGateaux358';'Lille'
359;'MamieGateaux359';'Lille'
360;'MamieGateaux360';'Lille'
361;'MamieGateaux361';'Lille'
362;'MamieGateaux362';'Lille'
363;'MamieGateaux363';'Lille'
364;'MamieGateaux364';'Lille'
365;'MamieGateaux365';'Lille'
366;'MamieGateaux366';'Lille'
367;'MamieGateaux367';'Lille'
368;'MamieGateaux368';'Lille'
369;'MamieGateaux369';'Lille'
370;'MamieGateaux370';'Lille'
371;'MamieGateaux371';'Lille'
372;'MamieGateaux372';'Lille'
373;'MamieGateaux373';'Lille'
374;'MamieGateaux374';'Lille'
375;'MamieGateaux375';'Lille'
376;'MamieGateaux376';'Lille'
377;'MamieGateaux377';'Lille'
378;'MamieGateaux378';'Lille'
379;'MamieGateaux379';'Lille'
380;'MamieGateaux380';'Lille'
381;'MamieGateaux381';'Lille'
382;'MamieGateaux382';'Lille'
383;'MamieGateaux383';'Lille'
384;'MamieGateaux384';'Lille'
385;'MamieGateaux385';'Lille'
386;'MamieGateaux386';'Lille'
387;'MamieGateaux387';'Lille'
388;'MamieGateaux388';'Lille'
389;'MamieGateaux389';'Lille'
390;'MamieGateaux390';'Lille'
391;'MamieGateaux391';'Lille'
392;'MamieGateaux392';'Lille'
393;'MamieGateaux393';'Lille'
394;'MamieGateaux394';'Lille'
395;'MamieGateaux395';'Lille'
396;'MamieGateaux396';'Lille'
397;'MamieGateaux397';'Lille'
398;'MamieGateaux398';'Lille'
399;'MamieGateaux399';'Lille'
400;'MamieGateaux400';'Lille'
401;'MamieGateaux401';'Lille'
402;'MamieGateaux402';'Lille'
403;'MamieGateaux403';'Lille'
404;'MamieGateaux404';'Lille'
405;'MamieGateaux405';'Lille'
406;'MamieGateaux406';'Lille'
407;'MamieGateaux407';'Lille'
408;'MamieGateaux408';'Lille'
409;'MamieGateaux409';'Lille'
410;'MamieGateaux410';'Lille'
411;'MamieGateaux411';'Lille'
412;'MamieGateaux412';'Lille'
413;'MamieGateaux413';'Lille'
414;'MamieGateaux414';'Lille'
415;'MamieGateaux415';'Lille'
416;'MamieGateaux416';'Lille'
417;'MamieGateaux417';'Lille'
418;'MamieGateaux418';'Lille'
419;'MamieGateaux419';'Lille'
420;'MamieGateaux420';'Lille'
421;'MamieGateaux421';'Lille'
422;'MamieGateaux422';'Lille'
423;'MamieGateaux423';'Lille'
424;'MamieGateaux424';'Lille'
425;'MamieGateaux425';'Lille'
426;'MamieGateaux426';'Lille'
427;'MamieGateaux427';'Lille'
428;'MamieGateaux428';'Lille'
429;'MamieGateaux429';'Lille'
430;'MamieGateaux430';'Lille'
431;'MamieGateaux431';'Lille'
432;'MamieGateaux432';'Lille'
433;'MamieGateaux433';'Lille'
434;'MamieGateaux434';'Lille'
435;'MamieGateaux435';'Lille'
436;'MamieGateaux436';'Lille'
437;'MamieGateaux437';'Lille'
438;'MamieGateaux438';'Lille'
439;'MamieGateaux439';'Lille'
440;'MamieGateaux440';'Lille'
441;'MamieGateaux441';'Lille'
442;'MamieGateaux442';'Lille'
443;'MamieGateaux443';'Lille'
444;'MamieGateaux444';'Lille'
445;'MamieGateaux445';'Lille'
446;'MamieGateaux446';'Lille'
447;'MamieGateaux447';'Lille'
448;'MamieGateaux448';'Lille'
449;'MamieGateaux449';'Lille'
450;'MamieGateaux450';'Lille'
451;'MamieGateaux451';'Lille'
452;'MamieGateaux452';'Lille'
453;'MamieGateaux453';'Lille'
454;'MamieGateaux454';'Lille'
455;'MamieGateaux455';'Lille'
456;'MamieGateaux456';'Lille'
457;'MamieGateaux457';'Lille'
458;'MamieGateaux458';'Lille'
459;'MamieGateaux459';'Lille'
460;'MamieGateaux460';'Lille'
461;'MamieGateaux461';'Lille'
462;'MamieGateaux462';'Lille'
463;'MamieGateaux463';'Lille'
464;'MamieGateaux464';'Lille'
465;'MamieGateaux465';'Lille'
466;'MamieGateaux466';'Lille'
467;'MamieGateaux467';'Lille'
468;'MamieGateaux468';'Lille'
469;'MamieGateaux469';'Lille'
470;'MamieGateaux470';'Lille'
471;'MamieGateaux471';'Lille'
472;'MamieGateaux472';'Lille'
473;'MamieGateaux473';'Lille'
474;'MamieGateaux474';'Lille'
475;'MamieGateaux475';'Lille'
476;'MamieGateaux476';'Lille'
477;'MamieGateaux477';'Lille'
478;'MamieGateaux478';'Lille'
479;'MamieGateaux479';'Lille'
480;'MamieGateaux480';'Lille'
481;'MamieGateaux481';'Lille'
482;'MamieGateaux482';'Lille'
483;'MamieGateaux483';'Lille'
484;'MamieGateaux484';'Lille'
485;'MamieGateaux485';'Lille'
486;'MamieGateaux486';'Lille'
487;'MamieGateaux487';'Lille'
488;'MamieGateaux488';'Lille'
489;'MamieGateaux489';'Lille'
490;'MamieGateaux490';'Lille'
491;'MamieGateaux491';'Lille'
492;'MamieGateaux492';'Lille'
493;'MamieGateaux493';'Lille'
494;'MamieGateaux494';'Lille'
495;'MamieGateaux495';'Lille'
496;'MamieGateaux496';'Lille'
497;'MamieGateaux497';'Lille'
498;'MamieGateaux498';'Lille'
499;'MamieGateaux499';'Lille'
500;'MamieGateaux500';'Lille'
501;'MamieGateaux501';'Lille'
502;'MamieGateaux502';'Lille'
503;'MamieGateaux503';'Lille'
504;'MamieGateaux504';'Lille'
505;'MamieGateaux505';'Lille'
506;'MamieGateaux506';'Lille'
507;'MamieGateaux507';'Lille'
508;'MamieGateaux508';'Lille'
509;'MamieGateaux509';'Lille'
510;'MamieGateaux510';'Lille'
511;'MamieGateaux511';'Lille'
512;'MamieGateaux512';'Lille'
513;'MamieGateaux513';'Lille'
514;'MamieGateaux514';'Lille'
515;'MamieGateaux515';'Lille'
516;'MamieGateaux516';'Lille'
517;'MamieGateaux517';'Lille'
518;'MamieGateaux518';'Lille'
519;'MamieGateaux519';'Lille'
520;'MamieGateaux520';'Lille'
521;'MamieGateaux521';'Lille'
522;'MamieGateaux522';'Lille'
523;'MamieGateaux523';'Lille'
524;'MamieGateaux524';'Lille'
525;'MamieGateaux525';'Lille'
526;'MamieGateaux526';'Lille'
527;'MamieGateaux527';'Lille'
528;'MamieGateaux528';'Lille'
529;'MamieGateaux529';'Lille'
530;'MamieGateaux530';'Lille'
531;'MamieGateaux531';'Lille'
532;'MamieGateaux532';'Lille'
533;'MamieGateaux533';'Lille'
534;'MamieGateaux534';'Lille'
535;'MamieGateaux535';'Lille'
536;'MamieGateaux536';'Lille'
537;'MamieGateaux537';'Lille'
538;'MamieGateaux538';'Lille'
539;'MamieGateaux539';'Lille'
540;'MamieGateaux540';'Lille'
541;'MamieGateaux541';'Lille'
542;'MamieGateaux542';'Lille'
543;'MamieGateaux543';'Lille'
544;'MamieGateaux544';'Lille'
545;'MamieGateaux545';'Lille'
546;'MamieGateaux546';'Lille'
547;'MamieGateaux547';'Lille'
548;'MamieGateaux548';'Lille'
549;'MamieGateaux549';'Lille'
550;'MamieGateaux550';'Lille'
551;'MamieGateaux551';'Lille'
552;'MamieGateaux552';'Lille'
553;'MamieGateaux553';'Lille'
554;'MamieGateaux554';'Lille'
555;'MamieGateaux555';'Lille'
556;'MamieGateaux556';'Lille'
557;'MamieGateaux557';'Lille'
558;'MamieGateaux558';'Lille'
559;'MamieGateaux559';'Lille'
560;'MamieGateaux560';'Lille'
561;'MamieGateaux561';'Lille'
562;'MamieGateaux562';'Lille'
563;'MamieGateaux563';'Lille'
564;'MamieGateaux564';'Lille'
565;'MamieGateaux565';'Lille'
566;'MamieGateaux566';'Lille'
567;'MamieGateaux567';'Lille'
568;'MamieGateaux568';'Lille'
569;'MamieGateaux569';'Lille'
570;'MamieGateaux570';'Lille'
571;'MamieGateaux571';'Lille'
572;'MamieGateaux572';'Lille'
573;'MamieGateaux573';'Lille'
574;'MamieGateaux574';'Lille'
575;'MamieGateaux575';'Lille'
576;'MamieGateaux576';'Lille'
577;'MamieGateaux577';'Lille'
578;'MamieGateaux578';'Lille'
579;'MamieGateaux579';'Lille'
580;'MamieGateaux580';'Lille'
581;'MamieGateaux581';'Lille'
582;'MamieGateaux582';'Lille'
583;'MamieGateaux583';'Lille'
584;'MamieGateaux584';'Lille'
585;'MamieGateaux585';'Lille'
586;'MamieGateaux586';'Lille'
587;'MamieGateaux587';'Lille'
588;'MamieGateaux588';'Lille'
589;'MamieGateaux589';'Lille'
590;'MamieGateaux590';'Lille'
591;'MamieGateaux591';'Lille'
592;'MamieGateaux592';'Lille'
593;'MamieGateaux593';'Lille'
594;'MamieGateaux594';'Lille'
595;'MamieGateaux595';'Lille'
596;'MamieGateaux596';'Lille'
597;'MamieGateaux597';'Lille'
598;'MamieGateaux598';'Lille'
599;'MamieGateaux599';'Lille'
600;'MamieGateaux600';'Lille'
601;'MamieGateaux601';'Lille'
602;'MamieGateaux602';'Lille'
603;'MamieGateaux603';'Lille'
604;'MamieGateaux604';'Lille'
605;'MamieGateaux605';'Lille'
606;'MamieGateaux606';'Lille'
607;'MamieGateaux607';'Lille'
608;'MamieGateaux608';'Lille'
609;'MamieGateaux609';'Lille'
610;'MamieGateaux610';'Lille'
611;'MamieGateaux611';'Lille'
612;'MamieGateaux612';'Lille'
613;'MamieGateaux613';'Lille'
614;'MamieGateaux614';'Lille'
615;'MamieGateaux615';'Lille'
616;'MamieGateaux616';'Lille'
617;'MamieGateaux617';'Lille'
618;'MamieGateaux618';'Lille'
619;'MamieGateaux619';'Lille'
620;'MamieGateaux620';'Lille'
621;'MamieGateaux621';'Lille'
622;'MamieGateaux622';'Lille'
623;'MamieGateaux623';'Lille'
624;'MamieGateaux624';'Lille'
625;'MamieGateaux625';'Lille'
626;'MamieGateaux626';'Lille'
627;'MamieGateaux627';'Lille'
628;'MamieGateaux628';'Lille'
629;'MamieGateaux629';'Lille'
630;'MamieGateaux630';'Lille'
631;'MamieGateaux631';'Lille'
632;'MamieGateaux632';'Lille'
633;'MamieGateaux633';'Lille'
634;'MamieGateaux634';'Lille'
635;'MamieGateaux635';'Lille'
636;'MamieGateaux636';'Lille'
637;'MamieGateaux637';'Lille'
638;'MamieGateaux638';'Lille'
639;'MamieGateaux639';'Lille'
640;'MamieGateaux640';'Lille'
641;'MamieGateaux641';'Lille'
642;'MamieGateaux642';'Lille'
643;'MamieGateaux643';'Lille'
644;'MamieGateaux644';'Lille'
645;'MamieGateaux645';'Lille'
646;'MamieGateaux646';'Lille'
647;'MamieGateaux647';'Lille'
648;'MamieGateaux648';'Lille'
649;'MamieGateaux649';'Lille'
650;'MamieGateaux650';'Lille'
651;'MamieGateaux651';'Lille'
652;'MamieGateaux652';'Lille'
653;'MamieGateaux653';'Lille'
654;'MamieGateaux654';'Lille'
655;'MamieGateaux655';'Lille'
656;'MamieGateaux656';'Lille'
657;'MamieGateaux657';'Lille'
658;'MamieGateaux658';'Lille'
659;'MamieGateaux659';'Lille'
660;'MamieGateaux660';'Lille'
661;'MamieGateaux661';'Lille'
662;'MamieGateaux662';'Lille'
663;'MamieGateaux663';'Lille'
664;'MamieGateaux664';'Lille'
665;'MamieGateaux665';'Lille'
666;'MamieGateaux666';'Lille'
667;'MamieGateaux667';'Lille'
668;'MamieGateaux668';'Lille'
669;'MamieGateaux669';'Lille'
670;'MamieGateaux670';'Lille'
671;'MamieGateaux671';'Lille'
672;'MamieGateaux672';'Lille'
673;'MamieGateaux673';'Lille'
674;'MamieGateaux674';'Lille'
675;'MamieGateaux675';'Lille'
676;'MamieGateaux676';'Lille'
677;'MamieGateaux677';'Lille'
678;'MamieGateaux678';'Lille'
679;'MamieGateaux679';'Lille'
680;'MamieGateaux680';'Lille'
681;'MamieGateaux681';'Lille'
682;'MamieGateaux682';'Lille'
683;'MamieGateaux683';'Lille'
684;'MamieGateaux684';'Lille'
685;'MamieGateaux685';'Lille'
686;'MamieGateaux686';'Lille'
687;'MamieGateaux687';'Lille'
688;'MamieGateaux688';'Lille'
689;'MamieGateaux689';'Lille'
690;'MamieGateaux690';'Lille'
691;'MamieGateaux691';'Lille'
692;'MamieGateaux692';'Lille'
693;'MamieGateaux693';'Lille'
694;'MamieGateaux694';'Lille'
695;'MamieGateaux695';'Lille'
696;'MamieGateaux696';'Lille'
697;'MamieGateaux697';'Lille'
698;'MamieGateaux698';'Lille'
699;'MamieGateaux699';'Lille'
700;'MamieGateaux700';'Lille'
701;'MamieGateaux701';'Lille'
702;'MamieGateaux702';'Lille'
703;'MamieGateaux703';'Lille'
704;'MamieGateaux704';'Lille'
705;'MamieGateaux705';'Lille'
706;'MamieGateaux706';'Lille'
707;'MamieGateaux707';'Lille'
708;'MamieGateaux708';'Lille'
709;'MamieGateaux709';'Lille'
710;'MamieGateaux710';'Lille'
711;'MamieGateaux711';'Lille'
712;'MamieGateaux712';'Lille'
713;'MamieGateaux713';'Lille'
714;'MamieGateaux714';'Lille'
715;'MamieGateaux715';'Lille'
716;'MamieGateaux716';'Lille'
717;'MamieGateaux717';'Lille'
718;'MamieGateaux718';'Lille'
719;'MamieGateaux719';'Lille'
720;'MamieGateaux720';'Lille'
721;'MamieGateaux721';'Lille'
722;'MamieGateaux722';'Lille'
723;'MamieGateaux723';'Lille'
724;'MamieGateaux724';'Lille'
725;'MamieGateaux725';'Lille'
726;'MamieGateaux726';'Lille'
727;'MamieGateaux727';'Lille'
728;'MamieGateaux728';'Lille'
729;'MamieGateaux729';'Lille'
730;'MamieGateaux730';'Lille'
731;'MamieGateaux731';'Lille'
732;'MamieGateaux732';'Lille'
733;'MamieGateaux733';'Lille'
734;'MamieGateaux734';'Lille'
735;'MamieGateaux735';'Lille'
736;'MamieGateaux736';'Lille'
737;'MamieGateaux737';'Lille'
738;'MamieGateaux738';'Lille'
739;'MamieGateaux739';'Lille'
740;'MamieGateaux740';'Lille'
741;'MamieGateaux741';'Lille'
742;'MamieGateaux742';'Lille'
743;'MamieGateaux743';'Lille'
744;'MamieGateaux744';'Lille'
745;'MamieGateaux745';'Lille'
746;'MamieGateaux746';'Lille'
747;'MamieGateaux747';'Lille'
748;'MamieGateaux748';'Lille'
749;'MamieGateaux749';'Lille'
750;'MamieGateaux750';'Lille'
751;'MamieGateaux751';'Lille'
752;'MamieGateaux752';'Lille'
753;'MamieGateaux753';'Lille'
754;'MamieGateaux754';'Lille'
755;'MamieGateaux755';'Lille'
756;'MamieGateaux756';'Lille'
757;'MamieGateaux757';'Lille'
758;'MamieGateaux758';'Lille'
759;'MamieGateaux759';'Lille'
760;'MamieGateaux760';'Lille'
761;'MamieGateaux761';'Lille'
762;'MamieGateaux762';'Lille'
763;'MamieGateaux763';'Lille'
764;'MamieGateaux764';'Lille'
765;'MamieGateaux765';'Lille'
766;'MamieGateaux766';'Lille'
767;'MamieGateaux767';'Lille'
768;'MamieGateaux768';'Lille'
769;'MamieGateaux769';'Lille'
770;'MamieGateaux770';'Lille'
771;'MamieGateaux771';'Lille'
772;'MamieGateaux772';'Lille'
773;'MamieGateaux773';'Lille'
774;'MamieGateaux774';'Lille'
775;'MamieGateaux775';'Lille'
776;'MamieGateaux776';'Lille'
777;'MamieGateaux777';'Lille'
778;'MamieGateaux778';'Lille'
779;'MamieGateaux779';'Lille'
780;'MamieGateaux780';'Lille'
781;'MamieGateaux781';'Lille'
782;'MamieGateaux782';'Lille'
783;'MamieGateaux783';'Lille'
784;'MamieGateaux784';'Lille'
785;'MamieGateaux785';'Lille'
786;'MamieGateaux786';'Lille'
787;'MamieGateaux787';'Lille'
788;'MamieGateaux788';'Lille'
789;'MamieGateaux789';'Lille'
790;'MamieGateaux790';'Lille'
791;'MamieGateaux791';'Lille'
792;'MamieGateaux792';'Lille'
793;'MamieGateaux793';'Lille'
794;'MamieGateaux794';'Lille'
795;'MamieGateaux795';'Lille'
796;'MamieGateaux796';'Lille'
797;'MamieGateaux797';'Lille'
798;'MamieGateaux798';'Lille'
799;'MamieGateaux799';'Lille'
800;'MamieGateaux800';'Lille'
801;'MamieGateaux801';'Lille'
802;'MamieGateaux802';'Lille'
803;'MamieGateaux803';'Lille'
804;'MamieGateaux804';'Lille'
805;'MamieGateaux805';'Lille'
806;'MamieGateaux806';'Lille'
807;'MamieGateaux807';'Lille'
808;'MamieGateaux808';'Lille'
809;'MamieGateaux809';'Lille'
810;'MamieGateaux810';'Lille'
811;'MamieGateaux811';'Lille'
812;'MamieGateaux812';'Lille'
813;'MamieGateaux813';'Lille'
814;'MamieGateaux814';'Lille'
815;'MamieGateaux815';'Lille'
816;'MamieGateaux816';'Lille'
817;'MamieGateaux817';'Lille'
818;'MamieGateaux818';'Lille'
819;'MamieGateaux819';'Lille'
820;'MamieGateaux820';'Lille'
821;'MamieGateaux821';'Lille'
822;'MamieGateaux822';'Lille'
823;'MamieGateaux823';'Lille'
824;'MamieGateaux824';'Lille'
825;'MamieGateaux825';'Lille'
826;'MamieGateaux826';'Lille'
827;'MamieGateaux827';'Lille'
828;'MamieGateaux828';'Lille'
829;'MamieGateaux829';'Lille'
830;'MamieGateaux830';'Lille'
831;'MamieGateaux831';'Lille'
832;'MamieGateaux832';'Lille'
833;'MamieGateaux833';'Lille'
834;'MamieGateaux834';'Lille'
835;'MamieGateaux835';'Lille'
836;'MamieGateaux836';'Lille'
837;'MamieGateaux837';'Lille'
838;'MamieGateaux838';'Lille'
839;'MamieGateaux839';'Lille'
840;'MamieGateaux840';'Lille'
841;'MamieGateaux841';'Lille'
842;'MamieGateaux842';'Lille'
843;'MamieGateaux843';'Lille'
844;'MamieGateaux844';'Lille'
845;'MamieGateaux845';'Lille'
846;'MamieGateaux846';'Lille'
847;'MamieGateaux847';'Lille'
848;'MamieGateaux848';'Lille'
849;'MamieGateaux849';'Lille'
850;'MamieGateaux850';'Lille'
851;'MamieGateaux851';'Lille'
852;'MamieGateaux852';'Lille'
853;'MamieGateaux853';'Lille'
854;'MamieGateaux854';'Lille'
855;'MamieGateaux855';'Lille'
856;'MamieGateaux856';'Lille'
857;'MamieGateaux857';'Lille'
858;'MamieGateaux858';'Lille'
859;'MamieGateaux859';'Lille'
860;'MamieGateaux860';'Lille'
861;'MamieGateaux861';'Lille'
862;'MamieGateaux862';'Lille'
863;'MamieGateaux863';'Lille'
864;'MamieGateaux864';'Lille'
865;'MamieGateaux865';'Lille'
866;'MamieGateaux866';'Lille'
867;'MamieGateaux867';'Lille'
868;'MamieGateaux868';'Lille'
869;'MamieGateaux869';'Lille'
870;'MamieGateaux870';'Lille'
871;'MamieGateaux871';'Lille'
872;'MamieGateaux872';'Lille'
873;'MamieGateaux873';'Lille'
874;'MamieGateaux874';'Lille'
875;'MamieGateaux875';'Lille'
876;'MamieGateaux876';'Lille'
877;'MamieGateaux877';'Lille'
878;'MamieGateaux878';'Lille'
879;'MamieGateaux879';'Lille'
880;'MamieGateaux880';'Lille'
881;'MamieGateaux881';'Lille'
882;'MamieGateaux882';'Lille'
883;'MamieGateaux883';'Lille'
884;'MamieGateaux884';'Lille'
885;'MamieGateaux885';'Lille'
886;'MamieGateaux886';'Lille'
887;'MamieGateaux887';'Lille'
888;'MamieGateaux888';'Lille'
889;'MamieGateaux889';'Lille'
890;'MamieGateaux890';'Lille'
891;'MamieGateaux891';'Lille'
892;'MamieGateaux892';'Lille'
893;'MamieGateaux893';'Lille'
894;'MamieGateaux894';'Lille'
895;'MamieGateaux895';'Lille'
896;'MamieGateaux896';'Lille'
897;'MamieGateaux897';'Lille'
898;'MamieGateaux898';'Lille'
899;'MamieGateaux899';'Lille'
900;'MamieGateaux900';'Lille'
901;'MamieGateaux901';'Lille'
902;'MamieGateaux902';'Lille'
903;'MamieGateaux903';'Lille'
904;'MamieGateaux904';'Lille'
905;'MamieGateaux905';'Lille'
906;'MamieGateaux906';'Lille'
907;'MamieGateaux907';'Lille'
908;'MamieGateaux908';'Lille'
909;'MamieGateaux909';'Lille'
910;'MamieGateaux910';'Lille'
911;'MamieGateaux911';'Lille'
912;'MamieGateaux912';'Lille'
913;'MamieGateaux913';'Lille'
914;'MamieGateaux914';'Lille'
915;'MamieGateaux915';'Lille'
916;'MamieGateaux916';'Lille'
917;'MamieGateaux917';'Lille'
918;'MamieGateaux918';'Lille'
919;'MamieGateaux919';'Lille'
920;'MamieGateaux920';'Lille'
921;'MamieGateaux921';'Lille'
922;'MamieGateaux922';'Lille'
923;'MamieGateaux923';'Lille'
924;'MamieGateaux924';'Lille'
925;'MamieGateaux925';'Lille'
926;'MamieGateaux926';'Lille'
927;'MamieGateaux927';'Lille'
928;'MamieGateaux928';'Lille'
929;'MamieGateaux929';'Lille'
930;'MamieGateaux930';'Lille'
931;'MamieGateaux931';'Lille'
932;'MamieGateaux932';'Lille'
933;'MamieGateaux933';'Lille'
934;'MamieGateaux934';'Lille'
935;'MamieGateaux935';'Lille'
936;'MamieGateaux936';'Lille'
937;'MamieGateaux937';'Lille'
938;'MamieGateaux938';'Lille'
939;'MamieGateaux939';'Lille'
940;'MamieGateaux940';'Lille'
941;'MamieGateaux941';'Lille'
942;'MamieGateaux942';'Lille'
943;'MamieGateaux943';'Lille'
944;'MamieGateaux944';'Lille'
945;'MamieGateaux945';'Lille'
946;'MamieGateaux946';'Lille'
947;'MamieGateaux947';'Lille'
948;'MamieGateaux948';'Lille'
949;'MamieGateaux949';'Lille'
950;'MamieGateaux950';'Lille'
951;'MamieGateaux951';'Lille'
952;'MamieGateaux952';'Lille'
953;'MamieGateaux953';'Lille'
954;'MamieGateaux954';'Lille'
955;'MamieGateaux955';'Lille'
956;'MamieGateaux956';'Lille'
957;'MamieGateaux957';'Lille'
958;'MamieGateaux958';'Lille'
959;'MamieGateaux959';'Lille'
960;'MamieGateaux960';'Lille'
961;'MamieGateaux961';'Lille'
962;'MamieGateaux962';'Lille'
963;'MamieGateaux963';'Lille'
964;'MamieGateaux964';'Lille'
965;'MamieGateaux965';'Lille'
966;'MamieGateaux966';'Lille'
967;'MamieGateaux967';'Lille'
968;'MamieGateaux968';'Lille'
969;'MamieGateaux969';'Lille'
970;'MamieGateaux970';'Lille'
971;'MamieGateaux971';'Lille'
972;'MamieGateaux972';'Lille'
973;'MamieGateaux973';'Lille'
974;'MamieGateaux974';'Lille'
975;'MamieGateaux975';'Lille'
976;'MamieGateaux976';'Lille'
977;'MamieGateaux977';'Lille'
978;'MamieGateaux978';'Lille'
979;'MamieGateaux979';'Lille'
980;'MamieGateaux980';'Lille'
981;'MamieGateaux981';'Lille'
982;'MamieGateaux982';'Lille'
983;'MamieGateaux983';'Lille'
984;'MamieGateaux984';'Lille'
985;'MamieGateaux985';'Lille'
986;'MamieGateaux986';'Lille'
987;'MamieGateaux987';'Lille'
988;'MamieGateaux988';'Lille'
989;'MamieGateaux989';'Lille'
990;'MamieGateaux990';'Lille'
991;'MamieGateaux991';'Lille'
992;'MamieGateaux992';'Lille'
993;'MamieGateaux993';'Lille'
994;'MamieGateaux994';'Lille'
995;'MamieGateaux995';'Lille'
996;'MamieGateaux996';'Lille'
997;'MamieGateaux997';'Lille'
998;'MamieGateaux998';'Lille'
999;'MamieGateaux999';'Lille'
1000;'MamieGateaux1000';'Lille'
